,City,Cloudiness (%),Country,Date,Humidity (%),Lat,Lon,Max Temp (F),WindSpeed (mph)
0,hasaki,75,JP,1603149160,100,35.73,140.83,51.8,6.93
1,bredasdorp,100,ZA,1603149009,62,-34.53,20.04,59.0,8.05
2,avarua,10,CK,1603149174,78,-21.21,-159.78,78.8,6.93
3,jamestown,90,US,1603148855,100,42.1,-79.24,51.01,4.7
4,bluff,88,NZ,1603148928,84,-46.6,168.33,50.0,8.99
5,papara,40,BR,1603149177,74,-3.98,-38.73,80.6,13.87
6,carnarvon,90,AU,1603148940,82,-24.87,113.63,68.0,11.41
7,busselton,1,AU,1603148922,65,-33.65,115.33,62.01,11.01
8,georgetown,20,MY,1603148856,94,5.41,100.34,80.6,3.36
10,niort,94,FR,1603149182,69,46.33,-0.33,60.01,11.01
12,pedernales,20,DO,1603149185,78,18.04,-71.74,80.6,6.93
13,cidreira,0,BR,1603148965,91,-30.18,-50.21,67.77,15.59
14,cape town,40,ZA,1603148806,93,-33.93,18.42,59.0,6.93
15,stange,100,NO,1603149188,90,60.72,11.19,28.99,1.88
18,yellowknife,75,CA,1603148929,68,62.46,-114.35,28.4,4.7
19,dikson,99,RU,1603148925,95,73.51,80.55,24.15,17.45
20,victoria,12,HK,1603149006,74,22.29,114.16,73.0,8.63
21,port elizabeth,75,ZA,1603148927,87,-33.92,25.57,60.8,13.87
22,ushuaia,75,AR,1603148849,86,-54.8,-68.3,39.2,43.62
23,vaini,75,TO,1603148898,73,-21.2,-175.2,75.2,10.29
24,cruzeiro do sul,0,BR,1603149197,78,-29.51,-51.99,69.01,2.1
25,mataura,59,NZ,1603148857,84,-46.19,168.86,50.0,8.99
26,butaritari,67,KI,1603148856,77,3.07,172.79,82.27,10.8
27,vikulovo,97,RU,1603149170,91,56.82,70.61,40.48,7.11
29,irece,87,BR,1603149202,54,-11.3,-41.86,78.89,16.98
30,laguna,1,US,1603149033,22,38.42,-121.42,90.0,5.82
31,punta arenas,20,CL,1603148852,71,-53.15,-70.92,41.0,33.33
32,toamasina,75,MG,1603149206,94,-18.17,49.38,71.6,6.13
33,almaznyy,20,RU,1603149207,81,48.04,40.05,50.0,6.71
34,thompson,90,CA,1603149006,68,55.74,-97.86,30.2,6.93
35,port alfred,64,ZA,1603148925,81,-33.59,26.89,63.88,20.98
36,upernavik,9,GL,1603148853,91,72.79,-56.15,32.81,11.68
37,puerto ayora,97,EC,1603148965,87,-0.74,-90.35,71.01,5.01
38,iwaki,100,JP,1603149212,86,37.05,140.88,64.0,1.01
39,albany,100,US,1603148856,80,42.6,-73.97,57.0,4.47
40,saskylakh,90,RU,1603148928,97,71.92,114.08,21.25,4.45
41,rikitea,0,PF,1603148856,78,-23.12,-134.97,74.43,11.92
43,bonthe,99,SL,1603149217,88,7.53,-12.51,78.17,4.88
44,ukhta,100,RU,1603149218,98,63.57,53.68,30.36,4.79
45,hobart,40,AU,1603148600,71,-42.88,147.33,57.99,2.24
46,maningrida,37,AU,1603149220,61,-12.07,134.27,83.1,2.51
47,iqaluit,75,CA,1603149151,85,63.75,-68.51,23.0,6.93
48,mahebourg,40,MU,1603148884,78,-20.41,57.7,73.4,10.29
49,moosomin,0,CA,1603149224,74,50.13,-101.67,28.42,3.15
50,saint-philippe,20,RE,1603148851,64,-21.36,55.77,69.8,4.7
52,caruray,90,PH,1603149227,94,10.31,119.01,77.0,4.7
53,norman wells,6,CA,1603149228,83,65.28,-126.83,20.39,9.4
54,tiksi,100,RU,1603149070,93,71.69,128.87,14.45,23.02
55,navadwip,42,IN,1603149230,72,23.42,88.37,77.02,5.46
56,aksu,0,CN,1603149231,48,41.12,80.26,47.79,3.87
57,hithadhoo,96,MV,1603148966,77,-0.6,73.08,82.69,13.09
58,sabzevar,0,IR,1603148827,55,36.21,57.68,44.91,0.58
59,nyagan,100,RU,1603149234,97,62.14,65.39,31.82,1.59
60,richards bay,37,ZA,1603149235,88,-28.78,32.04,69.82,1.28
61,senneterre,41,CA,1603149236,91,48.38,-77.23,33.15,2.42
62,lorengau,49,PG,1603149237,66,-2.02,147.27,84.99,2.62
63,mountain home,1,US,1603149238,28,43.13,-115.69,68.0,5.82
64,sogne,100,NO,1603149239,93,58.08,7.82,39.2,9.17
66,castro,13,BR,1603148897,89,-24.79,-50.01,63.37,6.55
67,tura,0,IN,1603149243,89,25.52,90.22,71.29,3.29
68,asmara,0,ER,1603149244,43,15.33,38.93,55.02,3.83
69,rehoboth,0,NA,1603149245,27,-23.32,17.08,64.65,4.38
70,ondjiva,0,AO,1603149246,18,-17.07,15.73,72.46,0.78
71,longyearbyen,75,SJ,1603149247,68,78.22,15.64,28.4,9.17
72,dickson,83,US,1603149248,82,36.08,-87.39,71.01,5.3
74,bonavista,92,CA,1603148941,86,48.65,-53.11,50.0,4.0
75,labytnangi,0,RU,1603149251,93,66.66,66.42,14.38,4.41
76,ponta delgada,40,PT,1603149058,77,37.73,-25.67,59.0,11.41
77,hermanus,100,ZA,1603148940,85,-34.42,19.23,57.0,4.0
78,bambous virieux,40,MU,1603149254,78,-20.34,57.76,73.4,9.17
79,caraballeda,37,VE,1603149255,75,10.61,-66.85,80.91,8.1
80,aylmer,100,CA,1603149187,83,42.77,-80.98,46.0,3.0
81,bathsheba,20,BB,1603149257,78,13.22,-59.52,82.4,4.7
82,dunbar,75,US,1603149168,60,38.36,-81.74,69.8,4.7
83,colatina,100,BR,1603149260,84,-19.54,-40.63,70.74,5.7
84,guarapari,75,BR,1603149144,88,-20.67,-40.5,71.6,4.7
86,kapaa,40,US,1603149123,78,22.08,-159.32,84.99,16.11
88,northam,100,GB,1603149265,90,51.03,-4.22,55.99,15.01
89,arraial do cabo,92,BR,1603148856,82,-22.97,-42.03,72.43,24.25
90,chuy,0,UY,1603148924,75,-33.7,-53.46,67.57,6.35
91,tasiilaq,51,GL,1603149006,91,65.61,-37.64,32.0,16.11
92,shingu,75,JP,1603149269,67,33.73,135.98,59.0,5.82
93,hervey bay,34,AU,1603149270,64,-25.3,152.85,80.01,13.87
94,tikrit,0,IQ,1603149271,23,34.61,43.68,72.66,8.08
96,rocha,16,UY,1603149199,86,-34.48,-54.33,65.62,6.24
97,saint-pierre,20,RE,1603149045,64,-21.34,55.48,69.8,4.7
98,namibe,12,AO,1603149275,78,-15.2,12.15,68.79,8.37
99,codrington,10,AU,1603149277,76,-38.27,141.97,54.14,2.53
100,maldonado,75,UY,1603149278,88,-34.67,-54.92,66.99,18.34
101,nikolskoye,90,RU,1603148991,93,59.7,30.79,35.6,6.71
102,chicholi,37,IN,1603149280,83,21.47,79.68,70.11,2.77
103,shebalino,99,RU,1603149281,80,51.29,85.68,32.13,6.51
104,kodiak,90,US,1603148884,65,57.79,-152.41,46.4,10.29
105,east london,21,ZA,1603148925,85,-33.02,27.91,65.8,10.65
106,clyde river,75,CA,1603149284,97,70.47,-68.59,33.8,16.11
107,kavaratti,95,IN,1603149285,74,10.57,72.64,80.73,11.77
108,kaitangata,68,NZ,1603148991,51,-46.28,169.85,53.37,12.53
109,port hedland,0,AU,1603149151,100,-20.32,118.57,71.6,4.7
110,sola,54,VU,1603149232,79,-13.88,167.55,80.13,17.25
113,ust-nera,60,RU,1603149291,83,64.57,143.2,4.42,2.98
114,jiexiu,100,CN,1603149292,42,37.02,111.91,53.56,5.01
115,goundam,0,ML,1603149294,15,16.41,-3.67,90.82,8.37
116,coihaique,75,CL,1603148979,49,-45.58,-72.07,46.4,4.7
117,saint anthony,90,US,1603149296,80,45.02,-93.22,34.0,4.7
119,valparaiso,6,CL,1603149298,58,-33.04,-71.63,66.2,17.22
120,lasa,5,IT,1603149299,58,46.62,10.7,48.0,3.36
121,san cristobal,40,VE,1603149300,48,7.77,-72.22,86.0,11.41
122,kyren,97,RU,1603149301,90,51.68,102.14,21.09,1.45
123,ovalle,0,CL,1603149303,38,-30.6,-71.2,62.94,3.98
124,tuatapere,58,NZ,1603148928,84,-46.13,167.68,50.0,8.99
125,ahipara,99,NZ,1603149305,67,-35.17,173.17,64.63,11.14
126,beringovskiy,83,RU,1603149306,80,63.05,179.32,38.93,10.63
127,cherskiy,14,RU,1603148952,94,68.75,161.3,19.38,3.44
128,olovyannaya,86,RU,1603149308,84,50.95,115.57,34.79,1.39
129,barrow,90,US,1603148911,85,71.29,-156.79,21.2,11.41
131,barahona,20,DO,1603149311,78,18.21,-71.1,80.6,6.93
132,heidelberg,65,ZA,1603149312,31,-26.5,28.36,73.54,11.45
133,sao filipe,28,CV,1603149313,65,14.9,-24.5,82.96,3.62
134,sinnamary,53,GF,1603149315,81,5.38,-52.95,81.1,11.9
135,provideniya,20,RU,1603149151,80,64.38,-173.3,33.8,2.51
136,karachi,0,PK,1603149317,54,24.91,67.08,78.8,3.36
137,nuevitas,98,CU,1603149318,88,21.55,-77.26,78.8,9.17
138,torbay,40,CA,1603149319,87,47.67,-52.73,52.0,8.05
139,yar-sale,0,RU,1603149320,96,66.83,70.83,17.35,3.06
140,ostrovnoy,91,RU,1603149295,82,68.05,39.51,35.64,15.43
141,ambovombe,0,MG,1603149323,91,-25.17,46.08,66.34,6.91
142,peleduy,88,RU,1603149324,95,59.63,112.74,26.28,10.22
143,maragogi,80,BR,1603149180,78,-9.01,-35.22,75.45,10.4
144,makakilo city,1,US,1603149117,66,21.35,-158.09,84.2,9.17
145,lebu,0,CL,1603149009,71,-37.62,-73.65,51.75,13.02
146,macusani,90,PE,1603149328,82,-14.08,-70.43,39.79,4.83
147,lagoa,31,PT,1603149329,70,39.05,-27.98,63.63,31.61
148,jaisalmer,4,IN,1603149330,37,26.91,70.92,82.51,6.08
149,havoysund,75,NO,1603149033,93,71.0,24.66,35.6,8.05
150,trincomalee,46,LK,1603149212,78,8.57,81.23,80.06,16.06
151,neiafu,40,TO,1603149333,65,-18.65,-173.98,80.6,10.29
152,manta,92,EC,1603149292,81,-0.95,-80.73,72.82,12.59
153,necochea,14,AR,1603149335,54,-38.55,-58.74,53.01,5.99
154,atuona,0,PF,1603148856,77,-9.8,-139.03,78.4,18.43
155,chokurdakh,93,RU,1603148872,98,70.63,147.92,15.71,6.62
156,halifax,60,CA,1603149148,98,44.65,-63.57,57.99,1.99
157,novo aripuana,85,BR,1603149340,66,-5.12,-60.38,81.86,2.59
158,kavieng,66,PG,1603148926,67,-2.57,150.8,84.27,1.3
159,khorixas,0,NA,1603149342,29,-20.37,14.97,65.32,5.95
160,murray bridge,9,AU,1603149343,81,-35.12,139.27,61.0,1.01
161,oktyabrskoye,80,RU,1603149344,77,43.06,44.74,59.0,6.71
162,erdenet,100,MN,1603149224,90,49.03,104.08,21.2,19.69
163,zhezkazgan,1,KZ,1603149346,55,47.8,67.71,45.43,6.76
164,srednekolymsk,23,RU,1603149137,96,67.45,153.68,17.2,1.07
165,kajaani,75,FI,1603149348,86,64.23,27.73,30.2,9.17
166,metapan,40,SV,1603149349,58,14.33,-89.45,84.2,3.36
167,yumen,0,CN,1603149138,59,40.28,97.2,40.86,17.0
168,port blair,50,IN,1603149032,83,11.67,92.75,80.76,11.83
169,akyab,88,MM,1603149352,82,20.15,92.9,79.84,7.0
170,calama,0,CL,1603149353,8,-22.47,-68.93,73.4,19.46
171,yulara,28,AU,1603149355,77,-25.24,130.99,68.0,12.75
172,assiniboia,34,CA,1603149356,90,49.63,-105.98,22.82,9.35
173,tazovskiy,32,RU,1603148964,97,67.47,78.7,16.54,6.73
174,salinas,1,US,1603149358,63,36.68,-121.66,71.6,9.17
175,taoudenni,0,ML,1603149359,21,22.68,-3.98,82.54,14.16
176,kirakira,29,SB,1603149360,74,-10.45,161.92,84.43,9.08
177,vestmannaeyjar,99,IS,1603149361,80,63.44,-20.27,40.21,4.45
178,esperance,90,AU,1603149065,100,-33.87,121.9,59.0,9.17
179,ponta do sol,86,PT,1603148856,83,32.67,-17.1,66.99,4.0
180,acapulco,40,MX,1603149177,79,16.86,-99.89,86.0,8.05
182,ambilobe,20,MG,1603149366,74,-13.2,49.05,72.99,2.17
183,khatanga,33,RU,1603148926,96,71.97,102.5,8.96,0.63
184,nemuro,20,JP,1603149369,62,43.32,145.57,53.87,16.71
186,north myrtle beach,1,US,1603149244,78,33.82,-78.68,73.4,4.83
187,margate,99,GB,1603149011,65,51.38,1.39,54.0,8.01
188,san patricio,20,US,1603149008,70,28.02,-97.52,84.99,19.46
189,dingzhou,42,CN,1603149374,93,38.51,115.0,44.6,2.24
190,soyo,13,AO,1603149375,86,-6.13,12.37,76.53,6.64
191,banda aceh,57,ID,1603149376,72,5.56,95.32,80.1,7.07
192,tuktoyaktuk,90,CA,1603148963,92,69.45,-133.04,26.6,6.93
193,kamaishi,20,JP,1603149378,100,39.27,141.88,44.6,3.36
195,ulaangom,99,MN,1603149380,81,49.98,92.07,25.72,3.06
196,udachnyy,90,RU,1603149381,92,66.42,112.4,15.8,2.24
198,umarkhed,33,IN,1603149383,91,19.6,77.7,73.17,4.05
199,aklavik,90,CA,1603149123,85,68.22,-135.01,23.0,11.41
200,havre-saint-pierre,90,CA,1603149386,93,50.23,-63.6,42.8,6.93
201,rafsanjan,0,IR,1603149387,47,30.41,55.99,47.1,1.21
202,antalaha,83,MG,1603149388,75,-14.9,50.28,73.89,8.34
203,berezovyy,0,RU,1603149389,76,51.67,135.7,27.52,6.42
204,constancia,1,MX,1603149390,79,24.22,-107.19,93.99,8.01
205,bam,0,IR,1603149391,24,29.11,58.36,57.88,8.25
206,trelew,9,AR,1603149392,35,-43.25,-65.31,56.55,7.11
207,haines junction,100,CA,1603149393,73,60.75,-137.51,30.58,1.07
208,new norfolk,53,AU,1603148977,52,-42.78,147.06,59.0,5.99
209,hamilton,90,US,1603148793,93,39.18,-84.53,55.4,2.73
210,omsukchan,100,RU,1603148873,95,62.53,155.8,24.49,1.99
212,ribeira grande,50,PT,1603148849,68,38.52,-28.7,64.27,29.84
214,nang rong,80,TH,1603149401,93,14.64,102.79,66.7,5.17
215,paamiut,100,GL,1603149216,75,61.99,-49.67,41.45,16.44
216,tena,40,EC,1603149403,83,-0.98,-77.82,73.4,5.82
217,shubarshi,0,KZ,1603149404,47,48.59,57.19,49.33,9.66
218,dunedin,46,NZ,1603149280,60,-45.87,170.5,55.0,21.0
219,katsuura,100,JP,1603149137,67,35.13,140.3,61.0,17.22
220,guerrero negro,0,MX,1603148885,47,27.98,-114.06,81.72,16.84
221,byron bay,40,AU,1603149408,72,-28.65,153.62,71.6,11.41
222,lavrentiya,8,RU,1603149409,74,65.58,-171.0,35.82,4.9
223,faya,0,SA,1603149410,22,18.39,42.45,57.2,5.82
224,chicontepec,50,MX,1603149411,89,20.97,-98.17,76.62,4.5
225,bivolari,83,RO,1603149412,93,47.53,27.43,43.0,4.7
226,sangar,100,RU,1603148977,93,63.92,127.47,13.39,12.77
227,tutoia,5,BR,1603149414,79,-2.76,-42.27,80.31,11.48
228,ilieni,0,RO,1603149416,86,45.8,25.77,39.0,0.96
229,jishou,90,CN,1603149417,71,28.32,109.72,56.91,2.3
230,gizo,21,SB,1603149418,69,-8.1,156.84,84.52,3.53
232,bengkulu,100,ID,1603149004,83,-3.8,102.27,76.08,3.22
233,hilo,20,US,1603149077,55,19.73,-155.09,86.0,11.41
234,kaeo,100,NZ,1603149422,63,-35.1,173.78,65.7,10.31
235,elko,73,US,1603149302,16,41.0,-115.5,72.0,13.0
236,cozumel,40,MX,1603149424,78,20.51,-86.95,82.4,13.87
237,nerl,52,RU,1603149425,87,56.66,40.39,34.92,10.74
238,evans,1,US,1603149384,53,33.53,-82.13,75.2,3.36
239,olafsvik,88,IS,1603149427,74,64.89,-23.71,39.13,8.01
240,hammerfest,75,NO,1603149428,100,70.66,23.68,33.8,8.05
241,dawei,96,MM,1603149429,88,14.08,98.2,74.23,4.36
242,biloela,37,AU,1603149430,50,-24.42,150.5,77.59,9.42
243,tortoli,40,IT,1603149431,82,39.93,9.66,59.0,11.41
244,baykit,100,RU,1603149393,93,61.67,96.37,22.71,8.14
245,sosnovoborsk,100,RU,1603149434,63,56.13,93.36,30.2,6.71
246,inirida,87,CO,1603149435,79,3.87,-67.92,79.07,1.63
247,porto santo,40,PT,1603149436,83,33.07,-16.34,69.8,10.29
248,high level,20,CA,1603149437,63,58.52,-117.14,26.6,6.93
249,mar del plata,85,AR,1603148840,44,-38.0,-57.56,57.2,16.11
250,mitu,91,CO,1603149203,81,1.2,-70.17,78.3,0.54
251,cabo san lucas,5,MX,1603149198,52,22.89,-109.91,91.0,11.41
252,san pedro,90,PH,1603149441,83,14.35,121.02,82.4,3.36
253,bayan,6,CN,1603149442,78,46.08,127.4,40.62,7.29
254,tiznit,27,MA,1603149443,33,29.58,-9.5,70.54,4.68
255,namatanai,14,PG,1603149444,71,-3.67,152.43,83.73,1.36
256,bethel,20,US,1603149135,82,41.37,-73.41,57.2,3.36
257,menongue,0,AO,1603149446,24,-14.66,17.69,66.94,3.11
258,siyabuswa,0,ZA,1603149447,33,-25.11,29.04,78.37,6.89
259,fairbanks,90,US,1603149288,85,64.84,-147.72,21.99,4.7
260,fuxin,0,CN,1603149450,45,42.02,121.66,51.1,5.77
261,langsa,100,ID,1603149451,95,4.47,97.97,74.12,3.18
262,kruisfontein,100,ZA,1603148858,83,-34.0,24.73,60.01,8.01
264,karauli,0,IN,1603149454,21,26.5,77.02,74.21,2.89
265,tilichiki,100,RU,1603149215,99,60.47,166.1,37.72,1.3
266,fortuna,40,US,1603149008,82,40.6,-124.16,63.0,14.99
267,umm kaddadah,33,SD,1603149457,14,13.6,26.69,84.99,8.72
268,cockburn town,64,TC,1603148859,75,21.46,-71.14,82.11,11.27
269,perbaungan,40,ID,1603149459,100,3.57,98.96,75.2,3.36
270,arlit,0,NE,1603149313,11,18.74,7.39,90.07,11.59
271,kahului,40,US,1603148640,46,20.89,-156.47,91.4,10.29
272,la ronge,85,CA,1603149462,84,55.1,-105.28,28.78,3.56
274,padang,41,ID,1603149194,68,-0.95,100.35,78.26,4.92
275,klaksvik,14,FO,1603148953,86,62.23,-6.59,39.2,5.82
276,cobija,75,BO,1603149466,83,-11.03,-68.77,78.8,8.05
277,colinas,41,BR,1603149231,36,-6.03,-44.25,84.76,3.04
278,husavik,75,IS,1603148979,86,66.04,-17.34,33.8,2.73
279,billings,90,US,1603149189,96,45.78,-108.5,35.01,4.7
281,airai,4,TL,1603149472,48,-8.93,125.41,69.44,1.86
283,angoche,0,MZ,1603149474,87,-16.23,39.91,74.35,4.65
284,babushkin,100,RU,1603149475,90,51.71,105.86,30.18,21.56
285,tonota,0,BW,1603149476,22,-21.48,27.48,75.67,8.19
286,jaciara,72,BR,1603149477,83,-15.97,-54.97,72.27,6.82
287,sao francisco,100,BR,1603149478,73,-15.95,-44.86,74.64,6.15
288,cookeville,75,US,1603149192,68,36.16,-85.5,71.6,6.93
289,qaanaaq,54,GL,1603148896,86,77.48,-69.36,32.72,11.32
290,basay,100,PH,1603149481,79,9.41,122.64,81.72,4.79
291,bandarbeyla,0,SO,1603149482,74,9.49,50.81,77.58,5.26
292,labuhan,55,ID,1603149296,79,-6.88,112.21,78.76,8.34
294,nago,20,JP,1603149486,88,26.59,127.98,77.0,13.87
295,constitucion,8,CL,1603149487,67,-35.33,-72.42,54.91,16.11
296,yerbogachen,99,RU,1603149488,94,61.28,108.01,24.33,12.06
297,faanui,1,PF,1603149489,80,-16.48,-151.75,79.02,19.13
298,wattegama,83,LK,1603149490,79,6.8,81.48,74.55,4.92
300,akonolinga,87,CM,1603149492,97,3.77,12.25,68.07,2.33
301,grand gaube,20,MU,1603149493,78,-20.01,57.66,71.01,4.0
302,tonj,5,SS,1603149494,83,7.27,28.68,70.34,0.98
303,tucuman,40,AR,1603149262,29,-26.82,-65.22,98.6,12.75
304,ilulissat,100,GL,1603148928,52,69.22,-51.1,41.0,12.75
306,marrakesh,24,MA,1603149498,46,31.63,-8.01,69.8,2.24
307,mago,32,RU,1603149499,76,53.25,140.18,29.26,8.41
309,luanda,40,AO,1603149251,88,-8.84,13.23,75.2,8.05
310,salalah,75,OM,1603149503,54,17.02,54.09,80.6,3.36
311,viedma,0,AR,1603149504,29,-40.81,-63.0,57.0,1.99
312,beloha,0,MG,1603149505,92,-25.17,45.05,63.32,3.53
313,tautira,75,PF,1603149506,70,-17.73,-149.15,84.2,17.22
314,portland,75,US,1603149002,63,45.52,-122.68,64.99,9.17
315,iralaya,100,HN,1603149508,81,15.0,-83.23,81.59,7.14
316,pinawa,61,CA,1603149509,85,50.15,-95.88,30.31,4.18
317,prince rupert,90,CA,1603149510,93,54.32,-130.32,48.2,8.05
318,nipawin,75,CA,1603149511,58,53.37,-104.0,26.6,8.05
319,mount gambier,90,AU,1603149278,100,-37.83,140.77,50.0,4.7
320,bara,18,NG,1603149513,71,10.37,10.73,76.87,6.24
321,ketchikan,90,US,1603149514,100,55.34,-131.65,48.2,4.7
322,abis,99,PH,1603149515,81,9.72,122.94,79.36,1.83
323,dutlwe,3,BW,1603149517,20,-23.98,23.9,82.45,10.63
324,ouricuri,53,BR,1603149518,26,-7.88,-40.08,78.04,3.09
325,sawtell,75,AU,1603149419,72,-30.38,153.1,68.0,8.05
326,waycross,1,US,1603149520,53,31.21,-82.35,75.2,4.7
327,vila franca do campo,40,PT,1603149521,77,37.72,-25.43,59.0,11.41
328,formosa,0,AR,1603149522,43,-26.18,-58.18,89.6,8.05
329,hokitika,100,NZ,1603149523,75,-42.72,170.97,55.42,5.61
330,mvangue,100,CM,1603149524,99,2.97,11.52,68.04,2.28
331,leshukonskoye,100,RU,1603149525,99,64.9,45.76,29.57,3.98
332,kendari,66,ID,1603149526,79,-3.94,122.5,78.08,2.82
333,isangel,75,VU,1603149527,65,-19.55,169.27,80.6,11.41
334,svetlogorsk,0,BY,1603149528,83,52.63,29.73,37.6,9.06
335,butembo,76,CD,1603149529,98,0.15,29.28,57.13,2.44
336,vostok,0,RU,1603149530,88,46.49,135.88,33.73,2.17
338,sao joao da barra,100,BR,1603149532,82,-21.64,-41.05,72.77,13.56
339,solnechnyy,0,RU,1603149533,76,50.72,136.63,30.7,4.81
340,key west,40,US,1603149535,83,24.56,-81.78,82.4,12.75
341,pundaguitan,100,PH,1603149536,76,6.37,126.17,83.61,18.32
342,raudeberg,92,NO,1603149537,73,61.99,5.14,39.99,11.7
343,rudbar,0,AF,1603149538,41,30.15,62.6,50.68,1.41
344,severo-kurilsk,70,RU,1603149539,66,50.68,156.12,41.31,9.84
345,bubaque,2,GW,1603149540,88,11.28,-15.83,82.42,9.84
346,micheweni,4,TZ,1603149541,84,-4.97,39.83,77.45,8.99
347,ayan,42,RU,1603149542,80,56.45,138.17,28.35,14.2
348,san fernando,90,PH,1603149543,88,15.03,120.69,78.8,2.24
349,bagotville,40,AU,1603149544,72,-28.98,153.42,73.0,11.41
350,great yarmouth,100,GB,1603149545,91,52.61,1.73,55.0,14.0
351,nanortalik,98,GL,1603149546,89,60.14,-45.24,36.63,1.25
352,medicine hat,90,CA,1603149486,64,50.05,-110.67,34.0,8.05
353,gambiran,93,ID,1603149549,84,-6.8,111.5,75.43,4.34
354,sioux lookout,1,CA,1603149550,86,50.1,-91.92,26.6,6.93
355,adrar,0,MR,1603149551,17,20.5,-10.07,84.96,9.46
356,el paso,40,US,1603149552,8,31.8,-106.2,87.8,8.05
357,odweyne,1,SO,1603149553,27,9.41,45.06,74.53,4.94
358,mankono,16,CI,1603149554,95,8.06,-6.19,72.19,2.89
359,awjilah,4,LY,1603149555,60,29.11,21.29,70.83,11.36
360,dedza,0,MW,1603149556,51,-14.38,34.33,63.32,3.22
361,charlestown,88,AU,1603149292,97,-32.95,151.67,66.99,6.85
362,hadrut,0,AZ,1603149558,38,39.52,47.03,63.41,5.5
363,acarau,10,BR,1603149490,78,-2.89,-40.12,79.09,19.62
365,asyut,0,EG,1603149561,53,27.18,31.18,77.0,5.82
366,batagay,100,RU,1603149562,94,67.63,134.63,10.87,4.16
367,lucea,75,JM,1603149563,88,18.45,-78.17,77.0,8.05
368,souillac,40,MU,1603149564,78,-20.52,57.52,73.4,9.17
370,solwezi,0,ZM,1603149566,37,-12.17,26.39,63.27,2.33
371,pontal do parana,75,BR,1603149568,93,-25.65,-48.51,64.4,5.82
372,geraldton,90,AU,1603149569,77,-28.77,114.6,66.2,9.17
373,deniliquin,0,AU,1603149570,59,-35.53,144.97,58.66,5.1
374,sitka,75,US,1603149509,75,57.05,-135.33,44.6,6.93
375,buraydah,0,SA,1603149572,36,26.33,43.98,62.6,3.36
376,troitsko-pechorsk,100,RU,1603149573,98,62.71,56.2,31.71,5.97
377,eirunepe,95,BR,1603149370,89,-6.66,-69.87,75.18,2.06
378,koundara,0,GN,1603149575,67,12.48,-13.3,78.69,2.86
379,pacific grove,20,US,1603149374,49,36.62,-121.92,71.6,4.7
381,talnakh,90,RU,1603149578,92,69.49,88.4,15.8,6.71
383,shimoda,75,JP,1603149580,63,34.67,138.95,64.4,20.8
384,vestmanna,21,FO,1603149581,86,62.16,-7.17,39.2,8.05
385,rabo de peixe,40,PT,1603149582,77,37.8,-25.58,59.0,11.41
386,rafaela,93,AR,1603149583,58,-31.25,-61.49,78.01,8.01
387,san quintin,0,MX,1603149585,59,30.48,-115.95,76.1,21.05
388,esna,0,EG,1603149586,32,25.29,32.55,82.4,1.41
389,port lincoln,100,AU,1603149587,80,-34.73,135.87,58.44,12.71
390,omboue,100,GA,1603149427,87,-1.57,9.26,76.87,6.96
391,dali,100,CN,1603149589,90,25.7,100.18,57.9,4.41
392,bandar,79,ID,1603149590,87,2.05,99.75,73.6,2.1
393,fernandina beach,90,US,1603149591,94,30.67,-81.46,75.99,14.99
394,vilhena,95,BR,1603149501,93,-12.74,-60.15,71.15,3.47
395,beira,0,MZ,1603149593,89,-19.84,34.84,70.47,5.3
396,tessalit,0,ML,1603149594,16,20.2,1.01,82.06,9.06
397,pisco,1,PE,1603149595,68,-13.7,-76.22,68.0,19.46
398,itarema,6,BR,1603149596,78,-2.92,-39.92,79.03,18.41
399,kotido,29,UG,1603149597,59,2.98,34.13,72.73,7.83
400,devgarh,89,IN,1603149598,71,25.53,73.9,77.52,1.57
402,ilinskiy,37,RU,1603149600,79,55.62,38.12,37.4,11.18
403,indramayu,90,ID,1603149602,78,-6.33,108.32,81.09,10.65
404,kilindoni,0,TZ,1603149603,75,-7.91,39.67,78.19,10.94
405,sargatskoye,100,RU,1603149604,71,55.61,73.5,45.55,9.53
406,narsaq,96,GL,1603149605,81,60.92,-46.05,33.8,4.7
407,novopavlovka,100,RU,1603149606,89,51.22,109.21,26.62,11.36
408,aripuana,97,BR,1603149607,67,-9.17,-60.63,79.75,0.96
409,bodden town,20,KY,1603149608,78,19.28,-81.25,82.99,10.29
410,pangnirtung,90,CA,1603149609,74,66.15,-65.71,33.8,5.82
411,varzea da palma,100,BR,1603149610,86,-17.6,-44.73,69.28,3.49
412,matara,83,LK,1603149611,88,5.95,80.54,77.85,10.49
413,pochutla,40,MX,1603149613,70,15.74,-96.47,86.0,8.05
414,rockhampton,1,AU,1603149614,54,-23.38,150.5,80.6,8.05
415,andros town,75,BS,1603149615,78,24.7,-77.77,80.6,9.17
416,nador,20,MA,1603149494,82,35.17,-2.93,66.2,2.24
418,isla mujeres,75,MX,1603149333,70,21.23,-86.73,84.2,10.29
419,sandwick,100,GB,1603149619,87,60.0,-1.25,46.4,36.91
420,ancud,20,CL,1603149620,75,-41.87,-73.82,48.99,5.82
421,caravelas,100,BR,1603149549,77,-17.71,-39.25,73.53,5.84
423,lerwick,100,GB,1603149623,87,60.15,-1.15,46.4,36.91
424,nkan,75,GA,1603149427,88,0.38,9.78,78.8,8.05
425,hede,0,CN,1603149625,73,33.77,120.25,55.71,3.44
426,baoqing,0,CN,1603149626,71,46.33,132.21,40.14,3.85
428,foumban,26,CM,1603149629,85,5.73,10.9,63.3,3.15
429,aykhal,90,RU,1603149630,92,66.0,111.5,15.8,2.24
430,shetpe,29,KZ,1603149631,95,44.17,52.12,56.28,12.01
431,houston,1,US,1603149294,83,29.76,-95.36,81.0,16.11
432,woodward,1,US,1603149633,41,36.43,-99.39,60.8,6.73
433,biswan,0,IN,1603149634,55,27.5,81.0,70.84,2.55
434,kulhudhuffushi,0,MV,1603149635,79,6.62,73.07,81.27,13.31
435,pozhva,97,RU,1603149636,82,59.09,56.08,37.6,6.26
437,koratla,89,IN,1603149638,89,18.82,78.72,73.87,2.48
438,mehamn,100,NO,1603149639,77,71.04,27.85,38.17,11.3
439,rind,0,AM,1603149640,37,39.76,45.18,51.8,6.93
440,pavino,80,RU,1603149641,96,59.11,46.14,32.68,4.94
441,manbij,30,SY,1603149642,67,36.53,37.95,59.0,1.12
442,manggar,99,ID,1603149644,79,-2.88,108.27,80.94,5.53
443,nagato,20,JP,1603149645,55,34.38,131.2,64.4,6.93
444,egvekinot,35,RU,1603149646,97,66.32,-179.17,27.9,4.36
446,tarko-sale,93,RU,1603149648,98,64.92,77.78,26.15,9.26
447,patos de minas,95,BR,1603149649,100,-18.58,-46.52,66.99,7.9
448,beyneu,0,KZ,1603149650,33,45.32,55.2,55.08,14.14
449,nicoya,75,CR,1603149651,88,10.15,-85.45,77.0,4.7
451,yatou,0,CN,1603149653,60,37.15,122.38,56.48,1.16
452,jackson,48,US,1603149654,30,42.42,-122.83,75.0,4.0
453,saint-ambroise,90,CA,1603149655,100,48.55,-71.33,42.01,2.24
454,naze,75,JP,1603149656,78,28.37,129.48,78.8,20.8
455,tamala,68,RU,1603149657,91,52.54,43.25,38.43,9.06
456,savannah bight,99,HN,1603149659,74,16.45,-85.85,83.23,9.86
457,carman,0,CA,1603149660,46,49.5,-98.0,33.01,1.01
458,nantucket,1,US,1603149661,72,41.28,-70.1,59.0,5.82
459,te anau,16,NZ,1603149662,51,-45.42,167.72,52.84,4.92
460,inhambane,0,MZ,1603149663,84,-23.86,35.38,69.93,11.92
461,pitimbu,20,BR,1603149664,83,-7.47,-34.81,75.2,5.82
462,bahar,0,IR,1603149665,52,34.91,48.44,44.83,1.07
463,lazaro cardenas,63,MX,1603149380,76,17.96,-102.2,84.43,7.47
464,huntington,75,US,1603149667,100,38.42,-82.45,63.0,0.72
465,pevek,0,RU,1603149668,94,69.7,170.31,25.07,14.83
466,gat,16,IL,1603149661,78,31.61,34.76,73.4,4.7
468,nizwa,12,OM,1603149671,23,22.93,57.53,70.47,2.89
469,sabha,0,LY,1603149672,60,27.04,14.43,70.84,17.34
470,pokhara,1,NP,1603149673,57,28.23,83.98,64.98,4.65
471,iranshahr,0,IR,1603149674,27,27.2,60.68,54.99,1.1
472,likhoslavl,100,RU,1603149676,84,57.13,35.46,35.83,11.39
473,abong mbang,99,CM,1603149677,85,3.98,13.18,69.66,2.17
475,ferrol,20,ES,1603149679,87,43.48,-8.24,63.0,8.05
476,tinskoy,100,RU,1603149680,90,56.15,96.92,28.96,8.68
478,arkhangelskoye,71,RU,1603149682,84,55.85,35.33,36.09,15.59
479,sakakah,0,SA,1603149683,15,29.97,40.21,66.2,5.73
480,naples,56,IT,1603149618,81,40.83,14.25,60.8,2.24
481,petropavlovka,100,RU,1603149685,82,50.61,105.32,28.17,7.9
482,kushmurun,0,KZ,1603149686,52,52.45,64.63,47.28,10.33
483,kijang,0,KR,1603149687,81,35.24,129.21,53.6,2.24
484,krasnik,49,PL,1603149688,100,50.92,22.23,43.0,4.7
485,sackville,90,CA,1603149479,87,45.92,-64.38,53.01,5.82
486,slave lake,90,CA,1603149605,92,55.28,-114.77,24.8,6.93
487,bintulu,20,MY,1603149692,100,3.17,113.03,75.2,2.24
488,mount isa,26,AU,1603149693,15,-20.73,139.5,86.0,9.17
490,kiunga,98,PG,1603149534,86,-6.12,141.29,80.11,1.61
491,vaitape,1,PF,1603149696,79,-16.52,-151.75,79.9,19.24
492,betare oya,72,CM,1603149697,84,5.6,14.08,66.87,3.13
493,phuket,20,TH,1603149698,94,8.0,98.25,84.0,3.36
495,palu,100,ID,1603149700,72,-0.89,119.87,78.28,2.39
496,bull savanna,80,JM,1603149701,83,17.89,-77.59,78.3,8.32
497,leiyang,57,CN,1603149702,90,26.4,112.86,57.18,2.86
498,manado,20,ID,1603149703,83,1.49,124.85,80.6,1.12
499,khovu-aksy,98,RU,1603149704,90,51.13,93.6,18.01,5.41
500,kenai,75,US,1603149705,60,60.55,-151.26,43.0,6.93
501,nova olimpia,99,BR,1603149707,78,-14.8,-57.29,74.8,3.06
502,lithakia,1,GR,1603149708,87,37.72,20.83,57.2,2.24
503,puerto palomas,1,MX,1603149709,5,31.77,-107.62,86.0,12.75
504,mackay,40,AU,1603149710,73,-21.15,149.2,81.0,6.93
505,atar,0,MR,1603149711,23,20.52,-13.05,86.92,8.08
506,juba,58,SS,1603149712,83,4.85,31.58,72.88,2.82
507,turukhansk,100,RU,1603149713,97,65.82,87.98,10.9,3.94
508,beitbridge,0,ZW,1603149714,28,-22.22,30.0,75.52,5.14
509,storsteinnes,0,NO,1603149605,92,69.24,19.23,24.8,9.17
510,shache,0,CN,1603149716,56,38.42,77.24,42.58,4.47
511,tuma,47,RU,1603149717,84,55.15,40.55,34.0,4.0
512,puerto escondido,40,MX,1603149718,66,15.85,-97.07,86.0,5.82
513,ahar,0,IR,1603149719,37,38.48,47.07,54.63,3.0
514,agogo,69,GH,1603149720,100,6.8,-1.08,70.79,2.51
515,rundu,0,NA,1603149721,22,-17.93,19.77,69.58,2.77
517,wenatchee,75,US,1603149497,36,47.42,-120.31,64.0,21.92
518,chardara,0,KZ,1603149725,37,41.25,67.97,57.52,3.94
519,broome,90,US,1603149726,93,42.25,-75.83,55.99,6.93
520,urengoy,97,RU,1603149727,98,65.97,78.37,24.4,7.61
521,doha,0,QA,1603149543,42,25.29,51.53,84.2,6.93
522,obo,75,CF,1603149729,91,5.4,26.49,68.76,2.77
523,sayan,18,PE,1603149730,57,-11.14,-77.19,68.58,3.56
524,hualmay,26,PE,1603149731,80,-11.1,-77.61,64.11,9.69
525,kwale,82,NG,1603149732,96,5.71,6.44,74.68,2.55
526,los llanos de aridane,91,ES,1603149733,65,28.66,-17.92,78.8,2.24
528,kuching,20,MY,1603149735,94,1.55,110.33,77.0,1.12
529,shestakovo,96,RU,1603149736,92,56.49,103.96,25.2,7.78
530,bundaberg,74,AU,1603149737,64,-24.85,152.35,75.2,13.87
531,dniprorudne,0,UA,1603149739,86,47.38,34.98,41.0,4.47
532,port-gentil,40,GA,1603149740,88,-0.72,8.78,78.8,9.17
534,taltal,21,CL,1603149742,74,-25.4,-70.48,59.49,5.37
535,okato,99,NZ,1603149743,86,-39.2,173.88,54.0,8.99
537,luderitz,0,NA,1603149745,71,-26.65,15.16,58.69,23.6
538,mnogovershinnyy,35,RU,1603149746,85,53.94,139.92,26.78,13.65
539,las palmas,16,ES,1603149747,73,28.42,-14.01,71.6,4.34
540,henties bay,0,NA,1603149668,88,-22.12,14.28,57.0,1.99
541,alta floresta,97,BR,1603149749,95,-9.88,-56.09,72.19,5.21
543,rach gia,75,VN,1603149751,100,10.02,105.08,77.0,1.12
545,manacapuru,40,BR,1603149754,88,-3.3,-60.62,80.6,2.24
546,leningradskiy,96,RU,1603149755,91,69.38,178.42,27.12,6.82
547,kochubey,45,RU,1603149756,69,44.39,46.58,60.42,19.35
548,baoying,0,CN,1603149757,78,33.23,119.31,55.13,4.43
549,pineville,1,US,1603149758,58,31.32,-92.43,82.4,5.82
550,burgeo,100,CA,1603149759,94,47.62,-57.62,52.81,7.61
551,safford,1,US,1603149760,9,32.83,-109.71,89.6,6.93
552,kasama,11,ZM,1603149761,53,-10.21,31.18,67.12,4.03
553,katete,46,UG,1603149762,84,-0.78,29.75,64.22,1.21
554,victor harbor,50,AU,1603149763,79,-35.57,138.62,57.99,7.43
555,sosnovo-ozerskoye,100,RU,1603149764,97,52.52,111.54,26.83,13.0
556,qasigiannguit,100,GL,1603149765,56,68.82,-51.19,41.0,17.22
557,lat yao,100,TH,1603149766,94,15.75,99.79,70.43,4.7
558,asfi,84,MA,1603149767,65,32.3,-9.24,68.49,8.99
559,kloulklubed,75,PW,1603149768,79,7.04,134.26,84.2,8.28
560,port macquarie,75,AU,1603149521,69,-31.43,152.92,71.01,5.19
561,merauke,100,ID,1603149771,82,-8.47,140.33,79.95,9.93
562,bessemer,0,US,1603149772,64,33.4,-86.95,75.99,3.36
563,igrim,100,RU,1603149773,96,63.19,64.42,30.16,0.78
564,coos bay,1,US,1603149746,77,43.37,-124.22,61.0,16.11
565,hovd,60,MN,1603149775,82,48.01,91.64,24.69,1.23
566,ilhabela,99,BR,1603149776,86,-23.78,-45.36,72.25,11.14
567,veraval,83,IN,1603149777,81,20.9,70.37,82.08,6.62
568,balkanabat,0,TM,1603149778,36,39.51,54.37,57.04,0.43
569,mardin,10,TR,1603149779,40,37.31,40.74,59.31,2.93
570,aitape,56,PG,1603149780,70,-3.14,142.35,83.53,2.71
573,buala,57,SB,1603149783,69,-8.14,159.59,85.71,5.61
574,fargo,90,US,1603149576,55,46.88,-96.79,35.6,3.36
575,copiapo,0,CL,1603149786,76,-27.37,-70.33,55.4,12.75
576,burns lake,46,CA,1603149666,74,54.23,-125.75,42.87,6.82
577,treinta y tres,0,UY,1603149788,72,-33.23,-54.38,73.76,3.42
578,karratha,0,AU,1603149789,65,-20.74,116.85,69.04,7.05
579,pontianak,85,ID,1603149790,90,-0.03,109.33,77.05,3.13
580,mancheral,94,IN,1603149791,89,18.87,79.43,75.47,4.63
582,passagem franca,73,BR,1603149793,37,-6.18,-43.78,83.25,2.46
583,port hardy,75,CA,1603149794,71,50.7,-127.42,53.6,8.05
584,puerto del rosario,18,ES,1603149795,73,28.5,-13.86,71.6,5.37
585,okahandja,0,NA,1603149796,25,-21.98,16.92,67.78,7.54
586,balykshi,75,KZ,1603149797,52,47.07,51.87,46.4,6.71
587,xinzhou,35,CN,1603149798,50,38.41,112.73,47.07,2.57
588,gerash,0,IR,1603149799,33,27.67,54.14,60.08,1.7
589,pont-sainte-maxence,74,FR,1603149800,76,49.3,2.6,50.0,12.75
590,manitouwadge,60,CA,1603149802,96,49.12,-85.84,27.66,5.44
591,zyryanka,82,RU,1603149803,96,65.75,150.85,16.14,6.46
592,san andres,90,CO,1603149804,79,12.58,-81.7,84.2,8.05
593,rumphi,0,MW,1603149805,60,-11.02,33.86,67.14,4.85
594,stephenville,1,US,1603149806,63,32.22,-98.2,64.4,5.82
595,vegachi,100,CO,1603149807,97,6.76,-74.79,68.07,1.66
596,salina,90,US,1603149761,43,38.84,-97.61,48.2,4.7
597,tchibanga,97,GA,1603149809,96,-2.85,11.03,72.55,0.78
598,sale,100,MA,1603149810,87,34.04,-6.82,66.99,4.41
599,almeirim,86,BR,1603149811,50,-1.52,-52.58,86.68,7.58
600,bereda,99,ES,1603149812,89,43.27,-7.54,63.0,11.01
601,carberry,75,CA,1603149813,40,49.87,-99.36,33.8,6.93
602,makurdi,23,NG,1603149814,92,7.74,8.51,75.63,3.6
603,plouzane,40,FR,1603149815,87,48.38,-4.62,59.0,20.8
604,san rafael,0,AR,1603149601,23,-34.62,-68.33,69.87,10.42
605,basoko,100,CD,1603149818,95,1.24,23.62,71.89,4.9
606,voskresenskoye,24,RU,1603149819,93,56.84,45.43,34.29,6.08
607,rawah,0,IQ,1603149820,28,34.48,41.91,68.38,4.72
608,poum,0,NC,1603149668,66,-20.23,164.02,75.2,6.93
609,katunino,90,RU,1603149822,100,64.39,40.63,28.4,6.71
611,oktyabrskiy,61,RU,1603149824,84,54.48,53.47,40.69,3.02
612,smithers,76,CA,1603149825,62,54.78,-127.17,44.15,2.62
613,coahuayana,75,MX,1603149797,78,18.73,-103.68,80.6,11.41
614,orlik,6,RU,1603149776,84,52.52,99.83,8.69,4.05
616,muzhi,67,RU,1603149798,97,65.37,64.67,16.39,1.74
617,narimanov,40,RU,1603149830,81,46.69,47.85,53.6,8.95
618,brownwood,1,US,1603149657,56,31.71,-98.99,69.8,11.41
619,abha,0,SA,1603149832,22,18.22,42.51,57.2,5.82
620,tezu,89,IN,1603149833,86,27.92,96.17,71.24,2.01
621,hvolsvollur,93,IS,1603149834,89,63.75,-20.22,34.0,3.0
622,farim,0,GW,1603149836,70,12.48,-15.22,79.09,4.07
623,thunder bay,98,CA,1603149715,68,48.4,-89.32,34.0,4.59
624,plettenberg bay,100,ZA,1603149838,78,-34.05,23.37,58.86,12.35
625,lodingen,19,NO,1603149727,92,68.41,16.0,36.0,12.75
626,gotsu,20,JP,1603149840,87,35.0,132.22,53.6,8.05
627,brejo,54,BR,1603149841,80,-3.68,-42.75,77.94,6.17
628,belyy yar,100,RU,1603149842,80,53.6,91.39,30.2,6.71
629,lompoc,1,US,1603149739,72,34.64,-120.46,68.0,10.29
630,sur,4,OM,1603149844,43,22.57,59.53,78.93,10.07
631,galveston,1,US,1603149630,78,29.37,-94.97,80.6,13.87
632,yazoo city,1,US,1603149846,65,32.86,-90.41,78.8,4.38
634,nioro,9,GM,1603149848,62,13.35,-15.75,79.9,4.97
635,vangaindrano,97,MG,1603149849,90,-23.35,47.6,70.54,5.88
